id;name;description;is_public;cover_image;created_at;updated_at;user_id
1;fatally past;../fake-data/blob/hipster.txt;true;brr;2026-04-10T07:35:17;2026-04-09T23:37:20;1
2;drat at;../fake-data/blob/hipster.txt;true;bide ick;2026-04-09T19:47:39;2026-04-10T17:44:11;2
3;obsess;../fake-data/blob/hipster.txt;false;reassemble;2026-04-10T12:38:27;2026-04-09T22:57:05;2
4;because accentuate faithfully;../fake-data/blob/hipster.txt;false;pastel;2026-04-10T04:29:21;2026-04-10T06:24:38;1
5;off;../fake-data/blob/hipster.txt;true;heavenly because;2026-04-10T00:34:25;2026-04-10T15:01:52;1
6;determined queasy while;../fake-data/blob/hipster.txt;true;and phooey;2026-04-10T14:54:20;2026-04-10T14:22:33;2
7;towards gee;../fake-data/blob/hipster.txt;false;cricket ew ack;2026-04-10T15:56:50;2026-04-10T18:41:07;1
8;slip;../fake-data/blob/hipster.txt;true;ski excluding;2026-04-10T05:22:43;2026-04-09T20:34:06;2
9;unless overvalue geez;../fake-data/blob/hipster.txt;true;mature quirkily accelerator;2026-04-09T18:44:15;2026-04-10T15:40:01;1
10;sequester;../fake-data/blob/hipster.txt;true;readjust marketplace shrill;2026-04-10T04:50:00;2026-04-10T14:42:02;1
11;cappelletti;../fake-data/blob/hipster.txt;false;prudent psst toward;2026-04-10T03:11:47;2026-04-09T18:57:58;1
12;for bitter truly;../fake-data/blob/hipster.txt;false;psst;2026-04-10T08:54:06;2026-04-10T09:58:38;1
13;distorted that;../fake-data/blob/hipster.txt;true;healthily supposing subexpression;2026-04-10T02:45:24;2026-04-10T17:09:17;2
14;meaningfully meh;../fake-data/blob/hipster.txt;true;miserable yahoo so;2026-04-10T12:51:14;2026-04-10T05:17:18;1
15;whenever natural frozen;../fake-data/blob/hipster.txt;true;the;2026-04-10T01:36:02;2026-04-10T03:04:12;2
16;yahoo;../fake-data/blob/hipster.txt;true;eyeliner;2026-04-10T05:31:14;2026-04-09T19:01:57;1
17;despite;../fake-data/blob/hipster.txt;true;functional uh-huh likewise;2026-04-10T15:37:59;2026-04-09T21:13:11;1
18;underneath propound quickly;../fake-data/blob/hipster.txt;true;frail phooey;2026-04-10T10:46:39;2026-04-10T17:09:32;1
19;abacus;../fake-data/blob/hipster.txt;false;astonishing;2026-04-09T21:08:12;2026-04-09T20:03:12;1
20;design;../fake-data/blob/hipster.txt;false;considering sizzle;2026-04-09T21:47:04;2026-04-10T11:47:05;1
21;alert dredger eek;../fake-data/blob/hipster.txt;false;sore digestive finally;2026-04-10T17:55:44;2026-04-10T14:55:46;2
22;sheathe mid;../fake-data/blob/hipster.txt;false;restfully improbable faithfully;2026-04-10T05:52:14;2026-04-10T02:37:48;2
23;lighthearted athwart noteworthy;../fake-data/blob/hipster.txt;true;acidic;2026-04-09T23:56:45;2026-04-09T21:56:43;1
24;kielbasa;../fake-data/blob/hipster.txt;false;slake;2026-04-09T23:46:25;2026-04-09T19:53:29;1
25;aircraft attraction;../fake-data/blob/hipster.txt;false;till down;2026-04-10T01:09:37;2026-04-10T06:20:46;2
26;since affectionate;../fake-data/blob/hipster.txt;false;till;2026-04-10T07:19:23;2026-04-10T11:06:31;1
27;huzzah likely;../fake-data/blob/hipster.txt;true;valiantly apostrophize;2026-04-10T09:21:28;2026-04-10T17:56:27;2
28;impressionable hairy gah;../fake-data/blob/hipster.txt;true;acclaimed;2026-04-10T17:29:22;2026-04-10T02:00:18;1
29;till nicely onto;../fake-data/blob/hipster.txt;false;against;2026-04-10T18:42:16;2026-04-10T01:43:32;2
30;whoever volleyball excluding;../fake-data/blob/hipster.txt;false;fold even;2026-04-10T11:35:46;2026-04-10T16:59:46;2
